{
  "$schema": "https://developer.microsoft.com/json-schemas/spfx-build/package-solution.schema.json",
  "solution": {
    "name": "clock-in-client-side-solution",
    "id": "9260c65f-34ac-4416-ad5d-69400d589047",
    "version": "1.0.0.0",
    "includeClientSideAssets": true,
    "skipFeatureDeployment": true,
    "isDomainIsolated": false,
    "developer": {
      "name": "",
      "websiteUrl": "",
      "privacyUrl": "",
      "termsOfUseUrl": "",
      "mpnId": "Undefined-1.15.2"
    },
    "metadata": {
      "shortDescription": {
        "default": "clock-in description"
      },
      "longDescription": {
        "default": "clock-in description"
      },
      "screenshotPaths": [],
      "videoUrl": "",
      "categories": []
    },
    "features": [
      {
        "title": "clock-in Feature",
        "description": "The feature that activates elements of the clock-in solution.",
        "id": "4ae99a1a-d758-464d-b174-ea32e2247042",
        "version": "1.0.0.0"
      }
    ]
  },
  "paths": {
    "zippedPackage": "solution/clock-in.sppkg"
  }
}
